Air Force Blue (Raf),#5d8aa8
Air Force Blue (Usaf),#00308f
Air Superiority Blue,#72a0c1
Alabama Crimson,#a32638
Alice Blue,#f0f8ff
Alizarin Crimson,#e32636
Alloy Orange,#c46210
Almond,#efdecd
Amaranth,#e52b50
Amber,#ffbf00
Amber (Sae/Ece),#ff7e00
American Rose,#ff033e
Amethyst,#96c
Android Green,#a4c639
Anti-Flash White,#f2f3f4
Antique Brass,#cd9575
Antique Fuchsia,#915c83
Antique Ruby,#841b2d
Antique White,#faebd7
Ao (English),#008000
Apple Green,#8db600
Apricot,#fbceb1
Aqua,#0ff
Aquamarine,#7fffd4
Army Green,#4b5320
Arsenic,#3b444b
Arylide Yellow,#e9d66b
Ash gray,#b2beb5
Asparagus,#87a96b
Atomic Tangerine,#f96
Auburn,#a52a2a
Aureolin,#fdee00
Aurometalsaurus,#6e7f80
Avocado,#568203
Azure,#007fff
Azure Mist/Web,#f0ffff
Baby Blue,#89cff0
Baby Blue Eyes,#a1caf1
Baby Pink,#f4c2c2
Ball Blue,#21abcd
Banana Mania,#fae7b5
Banana Yellow,#ffe135
Barn Red,#7c0a02
Battleship gray,#848482
Bazaar,#98777b
Beau Blue,#bcd4e6
Beaver,#9f8170
Beige,#f5f5dc
Big Dip O’Ruby,#9c2542
Bisque,#ffe4c4
Bistre,#3d2b1f
Bittersweet,#fe6f5e
Bittersweet Shimmer,#bf4f51
Black,#000
Black Bean,#3d0c02
Black Leather Jacket,#253529
Black Olive,#3b3c36
Blanched Almond,#ffebcd
Blast-Off Bronze,#a57164
Bleu De France,#318ce7
Blizzard Blue,#ace5ee
Blond,#faf0be
Blue,#00f
Blue Bell,#a2a2d0
Blue (Crayola),#1f75fe
Blue Gray,#69c
Blue-Green,#0d98ba
Blue (Munsell),#0093af
Blue (Ncs),#0087bd
Blue (Pigment),#339
Blue (Ryb),#0247fe
Blue Sapphire,#126180
Blue-Violet,#8a2be2
Blush,#de5d83
Bole,#79443b
Bondi Blue,#0095b6
Bone,#e3dac9
Boston University Red,#c00
Bottle Green,#006a4e
Boysenberry,#873260
Brandeis Blue,#0070ff
Brass,#b5a642
Brick Red,#cb4154
Bright Cerulean,#1dacd6
Bright Green,#6f0
Bright Lavender,#bf94e4
Bright Maroon,#c32148
Bright Pink,#ff007f
Bright Turquoise,#08e8de
Bright Ube,#d19fe8
Brilliant Lavender,#f4bbff
Brilliant Rose,#ff55a3
Brink Pink,#fb607f
British Racing Green,#004225
Bronze,#cd7f32
Brown (Traditional),#964b00
Brown (Web),#a52a2a
Bubble Gum,#ffc1cc
Bubbles,#e7feff
Buff,#f0dc82
Bulgarian Rose,#480607
Burgundy,#800020
Burlywood,#deb887
Burnt Orange,#c50
Burnt Sienna,#e97451
Burnt Umber,#8a3324
Byzantine,#bd33a4
Byzantium,#702963
Cadet,#536872
Cadet Blue,#5f9ea0
Cadet gray,#91a3b0
Cadmium Green,#006b3c
Cadmium Orange,#ed872d
Cadmium Red,#e30022
Cadmium Yellow,#fff600
Café Au Lait,#a67b5b
Café Noir,#4b3621
Cal Poly Green,#1e4d2b
Cambridge Blue,#a3c1ad
Camel,#c19a6b
Cameo Pink,#efbbcc
Camouflage Green,#78866b
Canary Yellow,#ffef00
Candy Apple Red,#ff0800
Candy Pink,#e4717a
Capri,#00bfff
Caput Mortuum,#592720
Cardinal,#c41e3a
Caribbean Green,#0c9
Carmine,#960018
Carmine (M&P),#d70040
Carmine Pink,#eb4c42
Carmine Red,#ff0038
Carnation Pink,#ffa6c9
Carnelian,#b31b1b
Carolina Blue,#99badd
Carrot Orange,#ed9121
Catalina Blue,#062a78
Ceil,#92a1cf
Celadon,#ace1af
Celadon Blue,#007ba7
Celadon Green,#2f847c
Celeste (Colour),#b2ffff
Celestial Blue,#4997d0
Cerise,#de3163
Cerise Pink,#ec3b83
Cerulean,#007ba7
Cerulean Blue,#2a52be
Cerulean Frost,#6d9bc3
Cg Blue,#007aa5
Cg Red,#e03c31
Chamoisee,#a0785a
Champagne,#fad6a5
Charcoal,#36454f
Charm Pink,#e68fac
Chartreuse (Traditional),#dfff00
Chartreuse (Web),#7fff00
Cherry,#de3163
Cherry Blossom Pink,#ffb7c5
Chestnut,#cd5c5c
China Pink,#de6fa1
China Rose,#a8516e
Chinese Red,#aa381e
Chocolate (Traditional),#7b3f00
Chocolate (Web),#d2691e
Chrome Yellow,#ffa700
Cinereous,#98817b
Cinnabar,#e34234
Cinnamon,#d2691e
Citrine,#e4d00a
Classic Rose,#fbcce7
Cobalt,#0047ab
Cocoa Brown,#d2691e
Coffee,#6f4e37
Columbia Blue,#9bddff
Congo Pink,#f88379
Cool Black,#002e63
Cool gray,#8c92ac
Copper,#b87333
Copper (Crayola),#da8a67
Copper Penny,#ad6f69
Copper Red,#cb6d51
Copper Rose,#966
Coquelicot,#ff3800
Coral,#ff7f50
Coral Pink,#f88379
Coral Red,#ff4040
Cordovan,#893f45
Corn,#fbec5d
Cornell Red,#b31b1b
Cornflower Blue,#6495ed
Cornsilk,#fff8dc
Cosmic Latte,#fff8e7
Cotton Candy,#ffbcd9
Cream,#fffdd0
Crimson,#dc143c
Crimson Glory,#be0032
Cyan,#0ff
Cyan (Process),#00b7eb
Daffodil,#ffff31
Dandelion,#f0e130
Dark Blue,#00008b
Dark Brown,#654321
Dark Byzantium,#5d3954
Dark Candy Apple Red,#a40000
Dark Cerulean,#08457e
Dark Chestnut,#986960
Dark Coral,#cd5b45
Dark Cyan,#008b8b
Dark Electric Blue,#536878
Dark Goldenrod,#b8860b
Dark Gray,#a9a9a9
Dark Green,#013220
Dark Imperial Blue,#00416a
Dark Jungle Green,#1a2421
Dark Khaki,#bdb76b
Dark Lava,#483c32
Dark Lavender,#734f96
Dark Magenta,#8b008b
Dark Midnight Blue,#036
Dark Olive Green,#556b2f
Dark Orange,#ff8c00
Dark Orchid,#9932cc
Dark Pastel Blue,#779ecb
Dark Pastel Green,#03c03c
Dark Pastel Purple,#966fd6
Dark Pastel Red,#c23b22
Dark Pink,#e75480
Dark Powder Blue,#039
Dark Raspberry,#872657
Dark Red,#8b0000
Dark Salmon,#e9967a
Dark Scarlet,#560319
Dark Sea Green,#8fbc8f
Dark Sienna,#3c1414
Dark Slate Blue,#483d8b
Dark Slate Gray,#2f4f4f
Dark Spring Green,#177245
Dark Tan,#918151
Dark Tangerine,#ffa812
Dark Taupe,#483c32
Dark Terra Cotta,#cc4e5c
Dark Turquoise,#00ced1
Dark Violet,#9400d3
Dark Yellow,#9b870c
Dartmouth Green,#00703c
Davy'S gray,#555
Debian Red,#d70a53
Deep Carmine,#a9203e
Deep Carmine Pink,#ef3038
Deep Carrot Orange,#e9692c
Deep Cerise,#da3287
Deep Champagne,#fad6a5
Deep Chestnut,#b94e48
Deep Coffee,#704241
Deep Fuchsia,#c154c1
Deep Jungle Green,#004b49
Deep Lilac,#95b
Deep Magenta,#c0c
Deep Peach,#ffcba4
Deep Pink,#ff1493
Deep Ruby,#843f5b
Deep Saffron,#f93
Deep Sky Blue,#00bfff
Deep Tuscan Red,#66424d
Denim,#1560bd
Desert,#c19a6b
Desert Sand,#edc9af
Dim Gray,#696969
Dodger Blue,#1e90ff
Dogwood Rose,#d71868
Dollar Bill,#85bb65
Drab,#967117
Duke Blue,#00009c
Earth Yellow,#e1a95f
Ebony,#555d50
Ecru,#c2b280
Eggplant,#614051
Eggshell,#f0ead6
Egyptian Blue,#1034a6
Electric Blue,#7df9ff
Electric Crimson,#ff003f
Electric Cyan,#0ff
Electric Green,#0f0
Electric Indigo,#6f00ff
Electric Lavender,#f4bbff
Electric Lime,#cf0
Electric Purple,#bf00ff
Electric Ultramarine,#3f00ff
Electric Violet,#8f00ff
Electric Yellow,#ff0
Emerald,#50c878
English Lavender,#b48395
Eton Blue,#96c8a2
Fallow,#c19a6b
Falu Red,#801818
Fandango,#b53389
Fashion Fuchsia,#f400a1
Fawn,#e5aa70
Feldgrau,#4d5d53
Fern Green,#4f7942
Ferrari Red,#ff2800
Field Drab,#6c541e
Fire Engine Red,#ce2029
Firebrick,#b22222
Flame,#e25822
Flamingo Pink,#fc8eac
Flavescent,#f7e98e
Flax,#eedc82
Floral White,#fffaf0
Fluorescent Orange,#ffbf00
Fluorescent Pink,#ff1493
Fluorescent Yellow,#cf0
Folly,#ff004f
Forest Green (Traditional),#014421
Forest Green (Web),#228b22
French Beige,#a67b5b
French Blue,#0072bb
French Lilac,#86608e
French Lime,#cf0
French Raspberry,#c72c48
French Rose,#f64a8a
Fuchsia,#f0f
Fuchsia (Crayola),#c154c1
Fuchsia Pink,#f7f
Fuchsia Rose,#c74375
Fulvous,#e48400
Fuzzy Wuzzy,#c66
Gainsboro,#dcdcdc
Gamboge,#e49b0f
Ghost White,#f8f8ff
Ginger,#b06500
Glaucous,#6082b6
Glitter,#e6e8fa
Gold (Metallic),#d4af37
Gold (Web) (Golden),#ffd700
Golden Brown,#996515
Golden Poppy,#fcc200
Golden Yellow,#ffdf00
Goldenrod,#daa520
Granny Smith Apple,#a8e4a0
Gray,#808080
Gray-Asparagus,#465945
Gray (Html/Css Gray),#808080
Gray (X11 Gray),#bebebe
Green (Color Wheel) (X11 Green),#0f0
Green (Crayola),#1cac78
Green (Html/Css Green),#008000
Green (Munsell),#00a877
Green (Ncs),#009f6b
Green (Pigment),#00a550
Green (Ryb),#66b032
Green-Yellow,#adff2f
Grullo,#a99a86
Guppie Green,#00ff7f
Halayà úBe,#663854
Han Blue,#446ccf
Han Purple,#5218fa
Hansa Yellow,#e9d66b
Harlequin,#3fff00
Harvard Crimson,#c90016
Harvest Gold,#da9100
Heart Gold,#808000
Heliotrope,#df73ff
Hollywood Cerise,#f400a1
Honeydew,#f0fff0
Honolulu Blue,#007fbf
Hooker'S Green,#49796b
Hot Magenta,#ff1dce
Hot Pink,#ff69b4
Hunter Green,#355e3b
Iceberg,#71a6d2
Icterine,#fcf75e
Imperial Blue,#002395
Inchworm,#b2ec5d
India Green,#138808
Indian Red,#cd5c5c
Indian Yellow,#e3a857
Indigo,#6f00ff
Indigo (Dye),#00416a
Indigo (Web),#4b0082
International Klein Blue,#002fa7
International Orange (Aerospace),#ff4f00
International Orange (Engineering),#ba160c
International Orange (Golden Gate Bridge),#c0362c
Iris,#5a4fcf
Isabelline,#f4f0ec
Islamic Green,#009000
Ivory,#fffff0
Jade,#00a86b
Jasmine,#f8de7e
Jasper,#d73b3e
Jazzberry Jam,#a50b5e
Jet,#343434
Jonquil,#fada5e
June Bud,#bdda57
Jungle Green,#29ab87
Kelly Green,#4cbb17
Kenyan Copper,#7c1c05
Khaki (Html/Css) (Khaki),#c3b091
Khaki (X11) (Light Khaki),#f0e68c
Ku Crimson,#e8000d
La Salle Green,#087830
Languid Lavender,#d6cadd
Lapis Lazuli,#26619c
Laser Lemon,#fefe22
Laurel Green,#a9ba9d
Lava,#cf1020
Lavender Blue,#ccf
Lavender Blush,#fff0f5
Lavender (Floral),#b57edc
Lavender Gray,#c4c3d0
Lavender Indigo,#9457eb
Lavender Magenta,#ee82ee
Lavender Mist,#e6e6fa
Lavender Pink,#fbaed2
Lavender Purple,#967bb6
Lavender Rose,#fba0e3
Lavender (Web),#e6e6fa
Lawn Green,#7cfc00
Lemon,#fff700
Lemon Chiffon,#fffacd
Lemon Lime,#e3ff00
Licorice,#1a1110
Light Apricot,#fdd5b1
Light Blue,#add8e6
Light Brown,#b5651d
Light Carmine Pink,#e66771
Light Coral,#f08080
Light Cornflower Blue,#93ccea
Light Crimson,#f56991
Light Cyan,#e0ffff
Light Fuchsia Pink,#f984ef
Light Goldenrod Yellow,#fafad2
Light Gray,#d3d3d3
Light Green,#90ee90
Light Khaki,#f0e68c
Light Pastel Purple,#b19cd9
Light Pink,#ffb6c1
Light Red Ochre,#e97451
Light Salmon,#ffa07a
Light Salmon Pink,#f99
Light Sea Green,#20b2aa
Light Sky Blue,#87cefa
Light Slate Gray,#789
Light Taupe,#b38b6d
Light Thulian Pink,#e68fac
Light Yellow,#ffffe0
Lilac,#c8a2c8
Lime (Color Wheel),#bfff00
Lime Green,#32cd32
Lime (Web) (X11 Green),#0f0
Limerick,#9dc209
Lincoln Green,#195905
Linen,#faf0e6
Lion,#c19a6b
Little Boy Blue,#6ca0dc
Liver,#534b4f
Lust,#e62020
Magenta,#f0f
Magenta (Dye),#ca1f7b
Magenta (Process),#ff0090
Magic Mint,#aaf0d1
Magnolia,#f8f4ff
Mahogany,#c04000
Maize,#fbec5d
Majorelle Blue,#6050dc
Malachite,#0bda51
Manatee,#979aaa
Mango Tango,#ff8243
Mantis,#74c365
Mardi Gras,#880085
Maroon (Crayola),#c32148
Maroon (Html/Css),#800000
Maroon (X11),#b03060
Mauve,#e0b0ff
Mauve Taupe,#915f6d
Mauvelous,#ef98aa
Maya Blue,#73c2fb
Meat Brown,#e5b73b
Medium Aquamarine,#6da
Medium Blue,#0000cd
Medium Candy Apple Red,#e2062c
Medium Carmine,#af4035
Medium Champagne,#f3e5ab
Medium Electric Blue,#035096
Medium Jungle Green,#1c352d
Medium Lavender Magenta,#dda0dd
Medium Orchid,#ba55d3
Medium Persian Blue,#0067a5
Medium Purple,#9370db
Medium Red-Violet,#bb3385
Medium Ruby,#aa4069
Medium Sea Green,#3cb371
Medium Slate Blue,#7b68ee
Medium Spring Bud,#c9dc87
Medium Spring Green,#00fa9a
Medium Taupe,#674c47
Medium Turquoise,#48d1cc
Medium Tuscan Red,#79443b
Medium Vermilion,#d9603b
Medium Violet-Red,#c71585
Mellow Apricot,#f8b878
Mellow Yellow,#f8de7e
Melon,#fdbcb4
Midnight Blue,#191970
Midnight Green (Eagle Green),#004953
Mikado Yellow,#ffc40c
Mint,#3eb489
Mint Cream,#f5fffa
Mint Green,#98ff98
Misty Rose,#ffe4e1
Moccasin,#faebd7
Mode Beige,#967117
Moonstone Blue,#73a9c2
Mordant Red 19,#ae0c00
Moss Green,#addfad
Mountain Meadow,#30ba8f
Mountbatten Pink,#997a8d
Msu Green,#18453b
Mulberry,#c54b8c
Mustard,#ffdb58
Myrtle,#21421e
Nadeshiko Pink,#f6adc6
Napier Green,#2a8000
Naples Yellow,#fada5e
Navajo White,#ffdead
Navy Blue,#000080
Neon Carrot,#ffa343
Neon Fuchsia,#fe4164
Neon Green,#39ff14
New York Pink,#d7837f
Non-Photo Blue,#a4dded
North Texas Green,#059033
Ocean Boat Blue,#0077be
Ochre,#c72
Office Green,#008000
Old Gold,#cfb53b
Old Lace,#fdf5e6
Old Lavender,#796878
Old Mauve,#673147
Old Rose,#c08081
Olive,#808000
Olive Drab #7,#3c341f
Olive Drab (Web) (Olive Drab #3),#6b8e23
Olivine,#9ab973
Onyx,#353839
Opera Mauve,#b784a7
Orange (Color Wheel),#ff7f00
Orange Peel,#ff9f00
Orange-Red,#ff4500
Orange (Ryb),#fb9902
Orange (Web Color),#ffa500
Orchid,#da70d6
Otter Brown,#654321
Ou Crimson Red,#900
Outer Space,#414a4c
Outrageous Orange,#ff6e4a
Oxford Blue,#002147
Pakistan Green,#060
Palatinate Blue,#273be2
Palatinate Purple,#682860
Pale Aqua,#bcd4e6
Pale Blue,#afeeee
Pale Brown,#987654
Pale Carmine,#af4035
Pale Cerulean,#9bc4e2
Pale Chestnut,#ddadaf
Pale Copper,#da8a67
Pale Cornflower Blue,#abcdef
Pale Gold,#e6be8a
Pale Goldenrod,#eee8aa
Pale Green,#98fb98
Pale Lavender,#dcd0ff
Pale Magenta,#f984e5
Pale Pink,#fadadd
Pale Plum,#dda0dd
Pale Red-Violet,#db7093
Pale Robin Egg Blue,#96ded1
Pale Silver,#c9c0bb
Pale Spring Bud,#ecebbd
Pale Taupe,#bc987e
Pale Violet-Red,#db7093
Pansy Purple,#78184a
Papaya Whip,#ffefd5
Paris Green,#50c878
Pastel Blue,#aec6cf
Pastel Brown,#836953
Pastel Gray,#cfcfc4
Pastel Green,#7d7
Pastel Magenta,#f49ac2
Pastel Orange,#ffb347
Pastel Pink,#dea5a4
Pastel Purple,#b39eb5
Pastel Red,#ff6961
Pastel Violet,#cb99c9
Pastel Yellow,#fdfd96
Patriarch,#800080
Payne'S gray,#536878
Peach,#ffe5b4
Peach (Crayola),#ffcba4
Peach-Orange,#fc9
Peach Puff,#ffdab9
Peach-Yellow,#fadfad
Pear,#d1e231
Pearl,#eae0c8
Pearl Aqua,#88d8c0
Pearly Purple,#b768a2
Peridot,#e6e200
Periwinkle,#ccf
Persian Blue,#1c39bb
Persian Green,#00a693
Persian Indigo,#32127a
Persian Orange,#d99058
Persian Pink,#f77fbe
Persian Plum,#701c1c
Persian Red,#c33
Persian Rose,#fe28a2
Persimmon,#ec5800
Peru,#cd853f
Phlox,#df00ff
Phthalo Blue,#000f89
Phthalo Green,#123524
Piggy Pink,#fddde6
Pine Green,#01796f
Pink,#ffc0cb
Pink Lace,#ffddf4
Pink-Orange,#f96
Pink Pearl,#e7accf
Pink Sherbet,#f78fa7
Pistachio,#93c572
Platinum,#e5e4e2
Plum (Traditional),#8e4585
Plum (Web),#dda0dd
Portland Orange,#ff5a36
Powder Blue (Web),#b0e0e6
Princeton Orange,#ff8f00
Prune,#701c1c
Prussian Blue,#003153
Psychedelic Purple,#df00ff
Puce,#c89
Pumpkin,#ff7518
Purple Heart,#69359c
Purple (Html/Css),#800080
Purple Mountain Majesty,#9678b6
Purple (Munsell),#9f00c5
Purple Pizzazz,#fe4eda
Purple Taupe,#50404d
Purple (X11),#a020f0
Quartz,#51484f
Rackley,#5d8aa8
Radical Red,#ff355e
Rajah,#fbab60
Raspberry,#e30b5d
Raspberry Glace,#915f6d
Raspberry Pink,#e25098
Raspberry Rose,#b3446c
Raw Umber,#826644
Razzle Dazzle Rose,#f3c
Razzmatazz,#e3256b
Red,#f00
Red-Brown,#a52a2a
Red Devil,#860111
Red (Munsell),#f2003c
Red (Ncs),#c40233
Red-Orange,#ff5349
Red (Pigment),#ed1c24
Red (Ryb),#fe2712
Red-Violet,#c71585
Redwood,#ab4e52
Regalia,#522d80
Resolution Blue,#002387
Rich Black,#004040
Rich Brilliant Lavender,#f1a7fe
Rich Carmine,#d70040
Rich Electric Blue,#0892d0
Rich Lavender,#a76bcf
Rich Lilac,#b666d2
Rich Maroon,#b03060
Rifle Green,#414833
Robin Egg Blue,#0cc
Rose,#ff007f
Rose Bonbon,#f9429e
Rose Ebony,#674846
Rose Gold,#b76e79
Rose Madder,#e32636
Rose Pink,#f6c
Rose Quartz,#aa98a9
Rose Taupe,#905d5d
Rose Vale,#ab4e52
Rosewood,#65000b
Rosso Corsa,#d40000
Rosy Brown,#bc8f8f
Royal Azure,#0038a8
Royal Blue (Traditional),#002366
Royal Blue (Web),#4169e1
Royal Fuchsia,#ca2c92
Royal Purple,#7851a9
Royal Yellow,#fada5e
Rubine Red,#d10056
Ruby,#e0115f
Ruby Red,#9b111e
Ruddy,#ff0028
Ruddy Brown,#bb6528
Ruddy Pink,#e18e96
Rufous,#a81c07
Russet,#80461b
Rust,#b7410e
Rusty Red,#da2c43
Sacramento State Green,#00563f
Saddle Brown,#8b4513
Safety Orange (Blaze Orange),#ff6700
Saffron,#f4c430
Salmon,#ff8c69
Salmon Pink,#ff91a4
Sand,#c2b280
Sand Dune,#967117
Sandstorm,#ecd540
Sandy Brown,#f4a460
Sandy Taupe,#967117
Sangria,#92000a
Sap Green,#507d2a
Sapphire,#0f52ba
Sapphire Blue,#0067a5
Satin Sheen Gold,#cba135
Scarlet,#ff2400
Scarlet (Crayola),#fd0e35
School Bus Yellow,#ffd800
Screamin' Green,#76ff7a
Sea Blue,#006994
Sea Green,#2e8b57
Seal Brown,#321414
Seashell,#fff5ee
Selective Yellow,#ffba00
Sepia,#704214
Shadow,#8a795d
Shamrock Green,#009e60
Shocking Pink,#fc0fc0
Shocking Pink (Crayola),#ff6fff
Sienna,#882d17
Silver,#c0c0c0
Sinopia,#cb410b
Skobeloff,#007474
Sky Blue,#87ceeb
Sky Magenta,#cf71af
Slate Blue,#6a5acd
Slate Gray,#708090
Smalt (Dark Powder Blue),#039
Smokey Topaz,#933d41
Smoky Black,#100c08
Snow,#fffafa
Spiro Disco Ball,#0fc0fc
Spring Bud,#a7fc00
Spring Green,#00ff7f
St. Patrick'S Blue,#23297a
Steel Blue,#4682b4
Stil De Grain Yellow,#fada5e
Stizza,#900
Stormcloud,#4f666a
Straw,#e4d96f
Sunglow,#fc3
Sunset,#fad6a5
Tan,#d2b48c
Tangelo,#f94d00
Tangerine,#f28500
Tangerine Yellow,#fc0
Tango Pink,#e4717a
Taupe,#483c32
Taupe Gray,#8b8589
Tea Green,#d0f0c0
Tea Rose (Orange),#f88379
Tea Rose (Rose),#f4c2c2
Teal,#008080
Teal Blue,#367588
Teal Green,#00827f
Telemagenta,#cf3476
Tenné (Tawny),#cd5700
Terra Cotta,#e2725b
Thistle,#d8bfd8
Thulian Pink,#de6fa1
Tickle Me Pink,#fc89ac
Tiffany Blue,#0abab5
Tiger'S Eye,#e08d3c
Timberwolf,#dbd7d2
Titanium Yellow,#eee600
Tomato,#ff6347
Toolbox,#746cc0
Topaz,#ffc87c
Tractor Red,#fd0e35
Trolley gray,#808080
Tropical Rain Forest,#00755e
True Blue,#0073cf
Tufts Blue,#417dc1
Tumbleweed,#deaa88
Turkish Rose,#b57281
Turquoise,#30d5c8
Turquoise Blue,#00ffef
Turquoise Green,#a0d6b4
Tuscan Red,#7c4848
Twilight Lavender,#8a496b
Tyrian Purple,#66023c
Ua Blue,#03a
Ua Red,#d9004c
Ube,#8878c3
Ucla Blue,#536895
Ucla Gold,#ffb300
Ufo Green,#3cd070
Ultra Pink,#ff6fff
Ultramarine,#120a8f
Ultramarine Blue,#4166f5
Umber,#635147
Unbleached Silk,#ffddca
United Nations Blue,#5b92e5
University Of California Gold,#b78727
Unmellow Yellow,#ff6
Up Forest Green,#014421
Up Maroon,#7b1113
Upsdell Red,#ae2029
Urobilin,#e1ad21
Usafa Blue,#004f98
Usc Cardinal,#900
Usc Gold,#fc0
Utah Crimson,#d3003f
Vanilla,#f3e5ab
Vegas Gold,#c5b358
Venetian Red,#c80815
Verdigris,#43b3ae
Vermilion (Cinnabar),#e34234
Vermilion (Plochere),#d9603b
Veronica,#a020f0
Violet,#8f00ff
Violet-Blue,#324ab2
Violet (Color Wheel),#7f00ff
Violet (Ryb),#8601af
Violet (Web),#ee82ee
Viridian,#40826d
Vivid Auburn,#922724
Vivid Burgundy,#9f1d35
Vivid Cerise,#da1d81
Vivid Tangerine,#ffa089
Vivid Violet,#9f00ff
Warm Black,#004242
Waterspout,#a4f4f9
Wenge,#645452
Wheat,#f5deb3
White,#fff
White Smoke,#f5f5f5
Wild Blue Yonder,#a2add0
Wild Strawberry,#ff43a4
Wild Watermelon,#fc6c85
Wine,#722f37
Wine Dregs,#673147
Wisteria,#c9a0dc
Wood Brown,#c19a6b
Xanadu,#738678
Yale Blue,#0f4d92
Yellow,#ff0
Yellow-Green,#9acd32
Yellow (Munsell),#efcc00
Yellow (Ncs),#ffd300
Yellow Orange,#ffae42
Yellow (Process),#ffef00
Yellow (Ryb),#fefe33
Zaffre,#0014a8
Zinnwaldite Brown,#2c1608
cloudy blue,#acc2d9
dark pastel green,#56ae57
dust,#b2996e
electric lime,#a8ff04
fresh green,#69d84f
light eggplant,#894585
nasty green,#70b23f
really light blue,#d4ffff
tea,#65ab7c
warm purple,#952e8f
yellowish tan,#fcfc81
cement,#a5a391
dark grass green,#388004
dusty teal,#4c9085
gray teal,#5e9b8a
macaroni and cheese,#efb435
pinkish tan,#d99b82
spruce,#0a5f38
strong blue,#0c06f7
toxic green,#61de2a
windows blue,#3778bf
blue blue,#2242c7
blue with a hint of purple,#533cc6
booger,#9bb53c
bright sea green,#05ffa6
dark green blue,#1f6357
deep turquoise,#017374
green teal,#0cb577
strong pink,#ff0789
bland,#afa88b
deep aqua,#08787f
lavender pink,#dd85d7
light moss green,#a6c875
light seafoam green,#a7ffb5
olive yellow,#c2b709
pig pink,#e78ea5
deep lilac,#966ebd
desert,#ccad60
dusty lavender,#ac86a8
purpley gray,#947e94
purply,#983fb2
candy pink,#ff63e9
light pastel green,#b2fba5
boring green,#63b365
kiwi green,#8ee53f
light gray green,#b7e1a1
orange pink,#ff6f52
tea green,#bdf8a3
very light brown,#d3b683
egg shell,#fffcc4
eggplant purple,#430541
powder pink,#ffb2d0
reddish gray,#997570
baby shit brown,#ad900d
liliac,#c48efd
stormy blue,#507b9c
ugly brown,#7d7103
custard,#fffd78
darkish pink,#da467d
deep brown,#410200
greenish beige,#c9d179
manilla,#fffa86
off blue,#5684ae
battleship gray,#6b7c85
browny green,#6f6c0a
bruise,#7e4071
kelley green,#009337
sickly yellow,#d0e429
sunny yellow,#fff917
azul,#1d5dec
darkgreen,#054907
green/yellow,#b5ce08
lichen,#8fb67b
light light green,#c8ffb0
pale gold,#fdde6c
sun yellow,#ffdf22
tan green,#a9be70
burple,#6832e3
butterscotch,#fdb147
toupe,#c7ac7d
dark cream,#fff39a
indian red,#850e04
light lavendar,#efc0fe
poison green,#40fd14
baby puke green,#b6c406
bright yellow green,#9dff00
charcoal gray,#3c4142
squash,#f2ab15
cinnamon,#ac4f06
light pea green,#c4fe82
radioactive green,#2cfa1f
raw sienna,#9a6200
baby purple,#ca9bf7
cocoa,#875f42
light royal blue,#3a2efe
orangeish,#fd8d49
rust brown,#8b3103
sand brown,#cba560
swamp,#698339
tealish green,#0cdc73
burnt siena,#b75203
camo,#7f8f4e
dusk blue,#26538d
fern,#63a950
old rose,#c87f89
pale light green,#b1fc99
peachy pink,#ff9a8a
rosy pink,#f6688e
light bluish green,#76fda8
light bright green,#53fe5c
light neon green,#4efd54
light seafoam,#a0febf
tiffany blue,#7bf2da
washed out green,#bcf5a6
browny orange,#ca6b02
nice blue,#107ab0
sapphire,#2138ab
grayish teal,#719f91
orangey yellow,#fdb915
parchment,#fefcaf
straw,#fcf679
very dark brown,#1d0200
terracota,#cb6843
ugly blue,#31668a
clear blue,#247afd
creme,#ffffb6
foam green,#90fda9
gray/green,#86a17d
light gold,#fddc5c
seafoam blue,#78d1b6
topaz,#13bbaf
violet pink,#fb5ffc
wintergreen,#20f986
yellow tan,#ffe36e
dark fuchsia,#9d0759
indigo blue,#3a18b1
light yellowish green,#c2ff89
pale magenta,#d767ad
rich purple,#720058
sunflower yellow,#ffda03
green/blue,#01c08d
leather,#ac7434
racing green,#014600
vivid purple,#9900fa
dark royal blue,#02066f
hazel,#8e7618
muted pink,#d1768f
booger green,#96b403
canary,#fdff63
cool gray,#95a3a6
dark taupe,#7f684e
darkish purple,#751973
true green,#089404
coral pink,#ff6163
dark sage,#598556
dark slate blue,#214761
flat blue,#3c73a8
mushroom,#ba9e88
rich blue,#021bf9
dirty purple,#734a65
greenblue,#23c48b
icky green,#8fae22
light khaki,#e6f2a2
warm blue,#4b57db
dark hot pink,#d90166
deep sea blue,#015482
carmine,#9d0216
dark yellow green,#728f02
pale peach,#ffe5ad
plum purple,#4e0550
golden rod,#f9bc08
neon red,#ff073a
old pink,#c77986
very pale blue,#d6fffe
blood orange,#fe4b03
grapefruit,#fd5956
sand yellow,#fce166
clay brown,#b2713d
dark blue gray,#1f3b4d
flat green,#699d4c
light green blue,#56fca2
warm pink,#fb5581
dodger blue,#3e82fc
gross green,#a0bf16
ice,#d6fffa
metallic blue,#4f738e
pale salmon,#ffb19a
sap green,#5c8b15
algae,#54ac68
bluey gray,#89a0b0
greeny gray,#7ea07a
highlighter green,#1bfc06
light light blue,#cafffb
light mint,#b6ffbb
raw umber,#a75e09
vivid blue,#152eff
deep lavender,#8d5eb7
dull teal,#5f9e8f
light greenish blue,#63f7b4
mud green,#606602
pinky,#fc86aa
red wine,#8c0034
shit green,#758000
tan brown,#ab7e4c
darkblue,#030764
rosa,#fe86a4
lipstick,#d5174e
pale mauve,#fed0fc
claret,#680018
dandelion,#fedf08
orangered,#fe420f
poop green,#6f7c00
ruby,#ca0147
dark,#1b2431
greenish turquoise,#00fbb0
pastel red,#db5856
piss yellow,#ddd618
bright cyan,#41fdfe
dark coral,#cf524e
algae green,#21c36f
darkish red,#a90308
reddy brown,#6e1005
blush pink,#fe828c
camouflage green,#4b6113
lawn green,#4da409
putty,#beae8a
vibrant blue,#0339f8
dark sand,#a88f59
purple/blue,#5d21d0
saffron,#feb209
twilight,#4e518b
warm brown,#964e02
bluegray,#85a3b2
bubble gum pink,#ff69af
duck egg blue,#c3fbf4
greenish cyan,#2afeb7
petrol,#005f6a
royal,#0c1793
butter,#ffff81
dusty orange,#f0833a
off yellow,#f1f33f
pale olive green,#b1d27b
orangish,#fc824a
leaf,#71aa34
light blue gray,#b7c9e2
dried blood,#4b0101
lightish purple,#a552e6
rusty red,#af2f0d
lavender blue,#8b88f8
light grass green,#9af764
light mint green,#a6fbb2
sunflower,#ffc512
velvet,#750851
brick orange,#c14a09
lightish red,#fe2f4a
pure blue,#0203e2
twilight blue,#0a437a
violet red,#a50055
yellowy brown,#ae8b0c
carnation,#fd798f
muddy yellow,#bfac05
dark seafoam green,#3eaf76
deep rose,#c74767
dusty red,#b9484e
gray/blue,#647d8e
lemon lime,#bffe28
purple/pink,#d725de
brown yellow,#b29705
purple brown,#673a3f
wisteria,#a87dc2
banana yellow,#fafe4b
lipstick red,#c0022f
water blue,#0e87cc
water,#0e87cc
brown gray,#8d8468
vibrant purple,#ad03de
baby green,#8cff9e
barf green,#94ac02
eggshell blue,#c4fff7
sandy yellow,#fdee73
cool green,#33b864
pale,#fff9d0
blue/gray,#758da3
hot magenta,#f504c9
grayblue,#77a1b5
purpley,#8756e4
baby shit green,#889717
brownish pink,#c27e79
dark aquamarine,#017371
diarrhea,#9f8303
light mustard,#f7d560
pale sky blue,#bdf6fe
turtle green,#75b84f
bright olive,#9cbb04
dark gray blue,#29465b
greeny brown,#696006
lemon green,#adf802
light periwinkle,#c1c6fc
seaweed green,#35ad6b
sunshine yellow,#fffd37
ugly purple,#a442a0
medium pink,#f36196
puke brown,#947706
very light pink,#fff4f2
viridian,#1e9167
bile,#b5c306
faded yellow,#feff7f
very pale green,#cffdbc
vibrant green,#0add08
bright lime,#87fd05
spearmint,#1ef876
light aquamarine,#7bfdc7
light sage,#bcecac
yellowgreen,#bbf90f
baby poo,#ab9004
dark seafoam,#1fb57a
deep teal,#00555a
heather,#a484ac
rust orange,#c45508
dirty blue,#3f829d
fern green,#548d44
bright lilac,#c95efb
weird green,#3ae57f
peacock blue,#016795
avocado green,#87a922
faded orange,#f0944d
grape purple,#5d1451
hot green,#25ff29
lime yellow,#d0fe1d
mango,#ffa62b
shamrock,#01b44c
bubblegum,#ff6cb5
purplish brown,#6b4247
vomit yellow,#c7c10c
pale cyan,#b7fffa
key lime,#aeff6e
tomato red,#ec2d01
lightgreen,#76ff7b
merlot,#730039
night blue,#040348
purpleish pink,#df4ec8
apple,#6ecb3c
baby poop green,#8f9805
green apple,#5edc1f
heliotrope,#d94ff5
yellow/green,#c8fd3d
almost black,#070d0d
coal,#070d0d
cool blue,#4984b8
leafy green,#51b73b
mustard brown,#ac7e04
dusk,#4e5481
dull brown,#876e4b
frog green,#58bc08
vivid green,#2fef10
bright light green,#2dfe54
fluro green,#0aff02
kiwi,#9cef43
seaweed,#18d17b
navy green,#35530a
ultramarine blue,#1805db
iris,#6258c4
pastel orange,#ff964f
yellowish orange,#ffab0f
perrywinkle,#8f8ce7
tealish,#24bca8
dark plum,#3f012c
pear,#cbf85f
pinkish orange,#ff724c
midnight purple,#280137
light urple,#b36ff6
dark mint,#48c072
greenish tan,#bccb7a
light burgundy,#a8415b
turquoise blue,#06b1c4
ugly pink,#cd7584
sandy,#f1da7a
electric pink,#ff0490
muted purple,#805b87
mid green,#50a747
grayish,#a8a495
neon yellow,#cfff04
banana,#ffff7e
carnation pink,#ff7fa7
tomato,#ef4026
sea,#3c9992
muddy brown,#886806
turquoise green,#04f489
buff,#fef69e
fawn,#cfaf7b
muted blue,#3b719f
pale rose,#fdc1c5
dark mint green,#20c073
amethyst,#9b5fc0
blue/green,#0f9b8e
chestnut,#742802
sick green,#9db92c
pea,#a4bf20
rusty orange,#cd5909
stone,#ada587
rose red,#be013c
pale aqua,#b8ffeb
deep orange,#dc4d01
earth,#a2653e
mossy green,#638b27
grassy green,#419c03
pale lime green,#b1ff65
light gray blue,#9dbcd4
pale gray,#fdfdfe
asparagus,#77ab56
blueberry,#464196
purple red,#990147
pale lime,#befd73
greenish teal,#32bf84
caramel,#af6f09
deep magenta,#a0025c
light peach,#ffd8b1
milk chocolate,#7f4e1e
ocher,#bf9b0c
off green,#6ba353
purply pink,#f075e6
lightblue,#7bc8f6
dusky blue,#475f94
golden,#f5bf03
light beige,#fffeb6
butter yellow,#fffd74
dusky purple,#895b7b
french blue,#436bad
ugly yellow,#d0c101
greeny yellow,#c6f808
orangish red,#f43605
shamrock green,#02c14d
orangish brown,#b25f03
tree green,#2a7e19
deep violet,#490648
gunmetal,#536267
blue/purple,#5a06ef
cherry,#cf0234
sandy brown,#c4a661
warm gray,#978a84
dark indigo,#1f0954
midnight,#03012d
bluey green,#2bb179
gray pink,#c3909b
soft purple,#a66fb5
blood,#770001
brown red,#922b05
medium gray,#7d7f7c
berry,#990f4b
poo,#8f7303
purpley pink,#c83cb9
light salmon,#fea993
snot,#acbb0d
easter purple,#c071fe
light yellow green,#ccfd7f
dark navy blue,#00022e
drab,#828344
light rose,#ffc5cb
rouge,#ab1239
purplish red,#b0054b
slime green,#99cc04
baby poop,#937c00
irish green,#019529
pink/purple,#ef1de7
dark navy,#000435
greeny blue,#42b395
light plum,#9d5783
pinkish gray,#c8aca9
dirty orange,#c87606
rust red,#aa2704
pale lilac,#e4cbff
orangey red,#fa4224
primary blue,#0804f9
kermit green,#5cb200
brownish purple,#76424e
murky green,#6c7a0e
wheat,#fbdd7e
very dark purple,#2a0134
bottle green,#044a05
watermelon,#fd4659
deep sky blue,#0d75f8
fire engine red,#fe0002
yellow ochre,#cb9d06
pumpkin orange,#fb7d07
pale olive,#b9cc81
light lilac,#edc8ff
lightish green,#61e160
carolina blue,#8ab8fe
mulberry,#920a4e
shocking pink,#fe02a2
auburn,#9a3001
bright lime green,#65fe08
celadon,#befdb7
pinkish brown,#b17261
poo brown,#885f01
bright sky blue,#02ccfe
celery,#c1fd95
dirt brown,#836539
strawberry,#fb2943
dark lime,#84b701
copper,#b66325
medium brown,#7f5112
muted green,#5fa052
robin's egg,#6dedfd
bright aqua,#0bf9ea
bright lavender,#c760ff
ivory,#ffffcb
very light purple,#f6cefc
light navy,#155084
pink red,#f5054f
olive brown,#645403
poop brown,#7a5901
mustard green,#a8b504
ocean green,#3d9973
very dark blue,#000133
dusty green,#76a973
light navy blue,#2e5a88
minty green,#0bf77d
adobe,#bd6c48
barney,#ac1db8
jade green,#2baf6a
bright light blue,#26f7fd
light lime,#aefd6c
dark khaki,#9b8f55
orange yellow,#ffad01
ocre,#c69c04
maize,#f4d054
faded pink,#de9dac
british racing green,#05480d
sandstone,#c9ae74
mud brown,#60460f
light sea green,#98f6b0
robin egg blue,#8af1fe
aqua marine,#2ee8bb
dark sea green,#11875d
soft pink,#fdb0c0
orangey brown,#b16002
cherry red,#f7022a
burnt yellow,#d5ab09
brownish gray,#86775f
camel,#c69f59
purplish gray,#7a687f
marine,#042e60
grayish pink,#c88d94
pale turquoise,#a5fbd5
pastel yellow,#fffe71
bluey purple,#6241c7
canary yellow,#fffe40
faded red,#d3494e
sepia,#985e2b
coffee,#a6814c
bright magenta,#ff08e8
mocha,#9d7651
ecru,#feffca
purpleish,#98568d
cranberry,#9e003a
darkish green,#287c37
brown orange,#b96902
dusky rose,#ba6873
melon,#ff7855
sickly green,#94b21c
silver,#c5c9c7
purply blue,#661aee
purpleish blue,#6140ef
hospital green,#9be5aa
shit brown,#7b5804
mid blue,#276ab3
amber,#feb308
easter green,#8cfd7e
soft blue,#6488ea
cerulean blue,#056eee
golden brown,#b27a01
bright turquoise,#0ffef9
red pink,#fa2a55
red purple,#820747
grayish brown,#7a6a4f
vermillion,#f4320c
russet,#a13905
steel gray,#6f828a
lighter purple,#a55af4
bright violet,#ad0afd
prussian blue,#004577
slate green,#658d6d
dirty pink,#ca7b80
dark blue green,#005249
pine,#2b5d34
yellowy green,#bff128
dark gold,#b59410
bluish,#2976bb
darkish blue,#014182
dull red,#bb3f3f
pinky red,#fc2647
bronze,#a87900
pale teal,#82cbb2
military green,#667c3e
barbie pink,#fe46a5
bubblegum pink,#fe83cc
pea soup green,#94a617
dark mustard,#a88905
shit,#7f5f00
medium purple,#9e43a2
very dark green,#062e03
dirt,#8a6e45
dusky pink,#cc7a8b
red violet,#9e0168
lemon yellow,#fdff38
pistachio,#c0fa8b
dull yellow,#eedc5b
dark lime green,#7ebd01
denim blue,#3b5b92
teal blue,#01889f
lightish blue,#3d7afd
purpley blue,#5f34e7
light indigo,#6d5acf
swamp green,#748500
brown green,#706c11
dark maroon,#3c0008
hot purple,#cb00f5
dark forest green,#002d04
faded blue,#658cbb
drab green,#749551
light lime green,#b9ff66
snot green,#9dc100
yellowish,#faee66
light blue green,#7efbb3
bordeaux,#7b002c
light mauve,#c292a1
ocean,#017b92
marigold,#fcc006
muddy green,#657432
dull orange,#d8863b
steel,#738595
electric purple,#aa23ff
fluorescent green,#08ff08
yellowish brown,#9b7a01
blush,#f29e8e
soft green,#6fc276
bright orange,#ff5b00
lemon,#fdff52
purple gray,#866f85
acid green,#8ffe09
pale lavender,#eecffe
violet blue,#510ac9
light forest green,#4f9153
burnt red,#9f2305
khaki green,#728639
cerise,#de0c62
faded purple,#916e99
apricot,#ffb16d
dark olive green,#3c4d03
gray brown,#7f7053
green gray,#77926f
true blue,#010fcc
pale violet,#ceaefa
periwinkle blue,#8f99fb
light sky blue,#c6fcff
blurple,#5539cc
green brown,#544e03
bluegreen,#017a79
bright teal,#01f9c6
brownish yellow,#c9b003
pea soup,#929901
forest,#0b5509
barney purple,#a00498
ultramarine,#2000b1
purplish,#94568c
puke yellow,#c2be0e
bluish gray,#748b97
dark periwinkle,#665fd1
dark lilac,#9c6da5
reddish,#c44240
light maroon,#a24857
dusty purple,#825f87
terra cotta,#c9643b
avocado,#90b134
marine blue,#01386a
teal green,#25a36f
slate gray,#59656d
lighter green,#75fd63
electric green,#21fc0d
dusty blue,#5a86ad
golden yellow,#fec615
bright yellow,#fffd01
light lavender,#dfc5fe
umber,#b26400
poop,#7f5e00
dark peach,#de7e5d
jungle green,#048243
eggshell,#ffffd4
denim,#3b638c
yellow brown,#b79400
dull purple,#84597e
chocolate brown,#411900
wine red,#7b0323
neon blue,#04d9ff
dirty green,#667e2c
light tan,#fbeeac
ice blue,#d7fffe
cadet blue,#4e7496
dark mauve,#874c62
very light blue,#d5ffff
gray purple,#826d8c
pastel pink,#ffbacd
very light green,#d1ffbd
dark sky blue,#448ee4
evergreen,#05472a
dull pink,#d5869d
aubergine,#3d0734
mahogany,#4a0100
reddish orange,#f8481c
deep green,#02590f
vomit green,#89a203
purple pink,#e03fd8
dusty pink,#d58a94
faded green,#7bb274
camo green,#526525
pinky purple,#c94cbe
pink purple,#db4bda
brownish red,#9e3623
dark rose,#b5485d
mud,#735c12
brownish,#9c6d57
emerald green,#028f1e
pale brown,#b1916e
dull blue,#49759c
burnt umber,#a0450e
medium green,#39ad48
clay,#b66a50
light aqua,#8cffdb
light olive green,#a4be5c
brownish orange,#cb7723
dark aqua,#05696b
purplish pink,#ce5dae
dark salmon,#c85a53
greenish gray,#96ae8d
jade,#1fa774
ugly green,#7a9703
dark beige,#ac9362
emerald,#01a049
pale red,#d9544d
light magenta,#fa5ff7
sky,#82cafc
light cyan,#acfffc
yellow orange,#fcb001
reddish purple,#910951
reddish pink,#fe2c54
orchid,#c875c4
dirty yellow,#cdc50a
orange red,#fd411e
deep red,#9a0200
orange brown,#be6400
cobalt blue,#030aa7
neon pink,#fe019a
rose pink,#f7879a
grayish purple,#887191
raspberry,#b00149
aqua green,#12e193
salmon pink,#fe7b7c
tangerine,#ff9408
brownish green,#6a6e09
red brown,#8b2e16
greenish brown,#696112
pumpkin,#e17701
pine green,#0a481e
charcoal,#343837
baby pink,#ffb7ce
cornflower,#6a79f7
blue violet,#5d06e9
chocolate,#3d1c02
grayish green,#82a67d
scarlet,#be0119
green yellow,#c9ff27
dark olive,#373e02
sienna,#a9561e
pastel purple,#caa0ff
terracotta,#ca6641
aqua blue,#02d8e9
sage green,#88b378
blood red,#980002
deep pink,#cb0162
grass,#5cac2d
moss,#769958
pastel blue,#a2bffe
bluish green,#10a674
green blue,#06b48b
dark tan,#af884a
greenish blue,#0b8b87
pale orange,#ffa756
vomit,#a2a415
forrest green,#154406
dark lavender,#856798
dark violet,#34013f
purple blue,#632de9
dark cyan,#0a888a
olive drab,#6f7632
pinkish,#d46a7e
cobalt,#1e488f
neon purple,#bc13fe
light turquoise,#7ef4cc
apple green,#76cd26
dull green,#74a662
wine,#80013f
powder blue,#b1d1fc
off white,#ffffe4
electric blue,#0652ff
dark turquoise,#045c5a
blue purple,#5729ce
azure,#069af3
bright red,#ff000d
pinkish red,#f10c45
cornflower blue,#5170d7
light olive,#acbf69
grape,#6c3461
grayish blue,#5e819d
purplish blue,#601ef9
yellowish green,#b0dd16
greenish yellow,#cdfd02
medium blue,#2c6fbb
dusty rose,#c0737a
light violet,#d6b4fc
midnight blue,#020035
bluish purple,#703be7
red orange,#fd3c06
dark magenta,#960056
greenish,#40a368
ocean blue,#03719c
coral,#fc5a50
cream,#ffffc2
reddish brown,#7f2b0a
burnt sienna,#b04e0f
brick,#a03623
sage,#87ae73
gray green,#789b73
white,#ffffff
robin's egg blue,#98eff9
moss green,#658b38
steel blue,#5a7d9a
eggplant,#380835
light yellow,#fffe7a
leaf green,#5ca904
light gray,#d8dcd6
puke,#a5a502
pinkish purple,#d648d7
sea blue,#047495
pale purple,#b790d4
slate blue,#5b7c99
blue gray,#607c8e
hunter green,#0b4008
fuchsia,#ed0dd9
crimson,#8c000f
pale yellow,#ffff84
ochre,#bf9005
mustard yellow,#d2bd0a
light red,#ff474c
cerulean,#0485d1
pale pink,#ffcfdc
deep blue,#040273
rust,#a83c09
light teal,#90e4c1
slate,#516572
goldenrod,#fac205
dark yellow,#d5b60a
dark gray,#363737
army green,#4b5d16
gray blue,#6b8ba4
seafoam,#80f9ad
puce,#a57e52
spring green,#a9f971
dark orange,#c65102
sand,#e2ca76
pastel green,#b0ff9d
mint,#9ffeb0
light orange,#fdaa48
bright pink,#fe01b1
chartreuse,#c1f80a
deep purple,#36013f
dark brown,#341c02
taupe,#b9a281
pea green,#8eab12
puke green,#9aae07
kelly green,#02ab2e
seafoam green,#7af9ab
blue green,#137e6d
khaki,#aaa662
burgundy,#610023
dark teal,#014d4e
brick red,#8f1402
royal purple,#4b006e
plum,#580f41
mint green,#8fff9f
gold,#dbb40c
baby blue,#a2cffe
yellow green,#c0fb2d
bright purple,#be03fd
dark red,#840000
pale blue,#d0fefe
grass green,#3f9b0b
navy,#01153e
aquamarine,#04d8b2
burnt orange,#c04e01
neon green,#0cff0c
bright blue,#0165fc
rose,#cf6275
light pink,#ffd1df
mustard,#ceb301
indigo,#380282
lime,#aaff32
sea green,#53fca1
periwinkle,#8e82fe
dark pink,#cb416b
olive green,#677a04
peach,#ffb07c
pale green,#c7fdb5
light brown,#ad8150
hot pink,#ff028d
black,#000000
lilac,#cea2fd
navy blue,#001146
royal blue,#0504aa
beige,#e6daa6
salmon,#ff796c
olive,#6e750e
maroon,#650021
bright green,#01ff07
dark purple,#35063e
mauve,#ae7181
forest green,#06470c
aqua,#13eac9
cyan,#00ffff
tan,#d1b26f
dark blue,#00035b
lavender,#c79fef
turquoise,#06c2ac
dark green,#033500
violet,#9a0eea
light purple,#bf77f6
lime green,#89fe05
gray,#929591
sky blue,#75bbfd
yellow,#ffff14
magenta,#c20078
light green,#96f97b
orange,#f97306
teal,#029386
light blue,#95d0fc
red,#e50000
brown,#653700
pink,#ff81c0
blue,#0343df
green,#15b01a
purple,#7e1e9c
Alice Blue,#F0F8FF
Antique White,#FAEBD7
Aqua,#00FFFF
Aquamarine,#7FFFD4
Azure,#F0FFFF
Beige,#F5F5DC
Bisque,#FFE4C4
Black,#000000
Blanched Almond,#FFEBCD
Blue,#0000FF
Blue Violet,#8A2BE2
Brown,#A52A2A
Burlywood,#DEB887
Cadet Blue,#5F9EA0
Chartreuse,#7FFF00
Chocolate,#D2691E
Coral,#FF7F50
Cornflower Blue,#6495ED
Cornsilk,#FFF8DC
Crimson,#DC143C
Cyan,#00FFFF
Dark Blue,#00008B
Dark Cyan,#008B8B
Dark Goldenrod,#B8860B
Dark Gray,#A9A9A9
Dark Green,#006400
Dark Khaki,#BDB76B
Dark Magenta,#8B008B
Dark Olive Green,#556B2F
Dark Orange,#FF8C00
Dark Orchid,#9932CC
Dark Red,#8B0000
Dark Salmon,#E9967A
Dark Sea Green,#8FBC8F
Dark Slate Blue,#483D8B
Dark Slate Gray,#2F4F4F
Dark Turquoise,#00CED1
Dark Violet,#9400D3
Deep Pink,#FF1493
Deep Sky Blue,#00BFFF
Dim Gray,#696969
Dodger Blue,#1E90FF
Firebrick,#B22222
Floral White,#FFFAF0
Forest Green,#228B22
Fuchsia,#FF00FF
Gainsboro*,#DCDCDC
Ghost White,#F8F8FF
Gold,#FFD700
Goldenrod,#DAA520
Gray,#BEBEBE
Web Gray,#808080
Green,#00FF00
Web Green,#008000
Green Yellow,#ADFF2F
Honeydew,#F0FFF0
Hot Pink,#FF69B4
Indian Red,#CD5C5C
Indigo,#4B0082
Ivory,#FFFFF0
Khaki,#F0E68C
Lavender,#E6E6FA
Lavender Blush,#FFF0F5
Lawn Green,#7CFC00
Lemon Chiffon,#FFFACD
Light Blue,#ADD8E6
Light Coral,#F08080
Light Cyan,#E0FFFF
Light Goldenrod,#FAFAD2
Light Gray,#D3D3D3
Light Green,#90EE90
Light Pink,#FFB6C1
Light Salmon,#FFA07A
Light Sea Green,#20B2AA
Light Sky Blue,#87CEFA
Light Slate Gray,#778899
Light Steel Blue,#B0C4DE
Light Yellow,#FFFFE0
Lime,#00FF00
Lime Green,#32CD32
Linen,#FAF0E6
Magenta,#FF00FF
Maroon,#B03060
Web Maroon,#800000
Medium Aquamarine,#66CDAA
Medium Blue,#0000CD
Medium Orchid,#BA55D3
Medium Purple,#9370DB
Medium Sea Green,#3CB371
Medium Slate Blue,#7B68EE
Medium Spring Green,#00FA9A
Medium Turquoise,#48D1CC
Medium Violet Red,#C71585
Midnight Blue,#191970
Mint Cream,#F5FFFA
Misty Rose,#FFE4E1
Moccasin,#FFE4B5
Navajo White,#FFDEAD
Navy Blue,#000080
Old Lace,#FDF5E6
Olive,#808000
Olive Drab,#6B8E23
Orange,#FFA500
Orange Red,#FF4500
Orchid,#DA70D6
Pale Goldenrod,#EEE8AA
Pale Green,#98FB98
Pale Turquoise,#AFEEEE
Pale Violet Red,#DB7093
Papaya Whip,#FFEFD5
Peach Puff,#FFDAB9
Peru,#CD853F
Pink,#FFC0CB
Plum,#DDA0DD
Powder Blue,#B0E0E6
Purple,#A020F0
Web Purple,#800080
Rebecca Purple,#663399
Red,#FF0000
Rosy Brown,#BC8F8F
Royal Blue,#4169E1
Saddle Brown,#8B4513
Salmon,#FA8072
Sandy Brown,#F4A460
Sea Green,#2E8B57
Seashell,#FFF5EE
Sienna,#A0522D
Silver,#C0C0C0
Sky Blue,#87CEEB
Slate Blue,#6A5ACD
Slate Gray,#708090
Snow,#FFFAFA
Spring Green,#00FF7F
Steel Blue,#4682B4
Tan,#D2B48C
Teal,#008080
Thistle,#D8BFD8
Tomato,#FF6347
Turquoise,#40E0D0
Violet,#EE82EE
Wheat,#F5DEB3
White,#FFFFFF
White Smoke,#F5F5F5
Yellow,#FFFF00
Yellow Green,#9ACD32
Antique White,#FAEBD7,#FFEFDB,#EEDFCC,#CDC0B0,#8B8378
Aquamarine,#7FFFD4,#76EEC6,#66CDAA,#458B74,
Azure,#F0FFFF,#E0EEEE,#C1CDCD,#838B8B,
Bisque,#FFE4C4,#EED5B7,#CDB79E,#8B7D6B,
Blue,#0000FF,#0000EE,#0000CD,#00008B,
Brown,#A52A2A,#FF4040,#EE3B3B,#CD3333,#8B2323
Burlywood,#DEB887,#FFD39B,#EEC591,#CDAA7D,#8B7355
Cadet Blue,#5F9EA0,#98F5FF,#8EE5EE,#7AC5CD,#53868B
Chartreuse,#7FFF00,#76EE00,#66CD00,#458B00,
Chocolate,#D2691E,#FF7F24,#EE7621,#CD661D,#8B4513
Coral,#FF7F50,#FF7256,#EE6A50,#CD5B45,#8B3E2F
Cornsilk,#FFF8DC,#EEE8CD,#CDC8B1,#8B8878,
Cyan,#00FFFF,#00EEEE,#00CDCD,#008B8B,
Dark Goldenrod,#B8860B,#FFB90F,#EEAD0E,#CD950C,#8B6508
Dark Olive Green,#556B2F,#CAFF70,#BCEE68,#A2CD5A,#6E8B3D
Dark Orange,#FF8C00,#FF7F00,#EE7600,#CD6600,#8B4500
Dark Orchid,#9932CC,#BF3EFF,#B23AEE,#9A32CD,#68228B
Dark Sea Green,#8FBC8F,#C1FFC1,#B4EEB4,#9BCD9B,#698B69
Dark Slate Gray,#2F4F4F,#97FFFF,#8DEEEE,#79CDCD,#528B8B
Deep Pink,#FF1493,#EE1289,#CD1076,#8B0A50,
Deep Sky Blue,#00BFFF,#00B2EE,#009ACD,#00688B,
Dodger Blue,#1E90FF,#1C86EE,#1874CD,#104E8B,
Firebrick,#B22222,#FF3030,#EE2C2C,#CD2626,#8B1A1A
Gold,#FFD700,#EEC900,#CDAD00,#8B7500,
Goldenrod,#DAA520,#FFC125,#EEB422,#CD9B1D,#8B6914
Green,#00FF00,#00EE00,#00CD00,#008B00,
Honeydew,#F0FFF0,#E0EEE0,#C1CDC1,#838B83,
Hot Pink,#FF69B4,#FF6EB4,#EE6AA7,#CD6090,#8B3A62
Indian Red,#CD5C5C,#FF6A6A,#EE6363,#CD5555,#8B3A3A
Ivory,#FFFFF0,#EEEEE0,#CDCDC1,#8B8B83,
Khaki,#F0E68C,#FFF68F,#EEE685,#CDC673,#8B864E
Lavender Blush,#FFF0F5,#EEE0E5,#CDC1C5,#8B8386,
Lemon Chiffon,#FFFACD,#EEE9BF,#CDC9A5,#8B8970,
Light Blue,#ADD8E6,#BFEFFF,#B2DFEE,#9AC0CD,#68838B
Light Cyan,#E0FFFF,#D1EEEE,#B4CDCD,#7A8B8B,
Light Goldenrod,#EEDD82,#FFEC8B,#EEDC82,#CDBE70,#8B814C
Light Pink,#FFB6C1,#FFAEB9,#EEA2AD,#CD8C95,#8B5F65
Light Salmon,#FFA07A,#EE9572,#CD8162,#8B5742,
Light Sky Blue,#87CEFA,#B0E2FF,#A4D3EE,#8DB6CD,#607B8B
Light Steel Blue,#B0C4DE,#CAE1FF,#BCD2EE,#A2B5CD,#6E7B8B
Light Yellow,#FFFFE0,#EEEED1,#CDCDB4,#8B8B7A,
Magenta,#FF00FF,#EE00EE,#CD00CD,#8B008B,
Maroon,#B03060,#FF34B3,#EE30A7,#CD2990,#8B1C62
Medium Orchid,#BA55D3,#E066FF,#D15FEE,#B452CD,#7A378B
Medium Purple,#9370DB,#AB82FF,#9F79EE,#8968CD,#5D478B
Misty Rose,#FFE4E1,#EED5D2,#CDB7B5,#8B7D7B,
Navajo White,#FFDEAD,#EECFA1,#CDB38B,#8B795E,
Olive Drab,#6B8E23,#C0FF3E,#B3EE3A,#9ACD32,#698B22
Orange,#FFA500,#EE9A00,#CD8500,#8B5A00,
Orange Red,#FF4500,#EE4000,#CD3700,#8B2500,
Orchid,#DA70D6,#FF83FA,#EE7AE9,#CD69C9,#8B4789
Pale Green,#98FB98,#9AFF9A,#90EE90,#7CCD7C,#548B54
Pale Turquoise,#AFEEEE,#BBFFFF,#AEEEEE,#96CDCD,#668B8B
Pale Violet Red,#DB7093,#FF82AB,#EE799F,#CD6889,#8B475D
Peach Puff,#FFDAB9,#EECBAD,#CDAF95,#8B7765,
Pink,#FFC0CB,#FFB5C5,#EEA9B8,#CD919E,#8B636C
Plum,#DDA0DD,#FFBBFF,#EEAEEE,#CD96CD,#8B668B
Purple,#A020F0,#9B30FF,#912CEE,#7D26CD,#551A8B
Red,#FF0000,#EE0000,#CD0000,#8B0000,
Rosy Brown,#BC8F8F,#FFC1C1,#EEB4B4,#CD9B9B,#8B6969
Royal Blue,#4169E1,#4876FF,#436EEE,#3A5FCD,#27408B
Salmon,#FA8072,#FF8C69,#EE8262,#CD7054,#8B4C39
Sea Green,#2E8B57,#54FF9F,#4EEE94,#43CD80,#2E8B57
Seashell,#FFF5EE,#EEE5DE,#CDC5BF,#8B8682,
Sienna,#A0522D,#FF8247,#EE7942,#CD6839,#8B4726
Sky Blue,#87CEEB,#87CEFF,#7EC0EE,#6CA6CD,#4A708B
Slate Blue,#6A5ACD,#836FFF,#7A67EE,#6959CD,#473C8B
Slate Gray,#708090,#C6E2FF,#B9D3EE,#9FB6CD,#6C7B8B
Snow,#FFFAFA,#EEE9E9,#CDC9C9,#8B8989,
Spring Green,#00FF7F,#00EE76,#00CD66,#008B45,
Steel Blue,#4682B4,#63B8FF,#5CACEE,#4F94CD,#36648B
Tan,#D2B48C,#FFA54F,#EE9A49,#CD853F,#8B5A2B
Thistle,#D8BFD8,#FFE1FF,#EED2EE,#CDB5CD,#8B7B8B
Tomato,#FF6347,#EE5C42,#CD4F39,#8B3626,
Turquoise,#40E0D0,#00F5FF,#00E5EE,#00C5CD,#00868B
Violet Red,#D02090,#FF3E96,#EE3A8C,#CD3278,#8B2252
Wheat,#F5DEB3,#FFE7BA,#EED8AE,#CDBA96,#8B7E66
Yellow,#FFFF00,#EEEE00,#CDCD00,#8B8B00,
Black,#000000
Light Black,#808080
Blue,#0000FF
Dark Blue,#00008B
Light Blue,#ADD8E6
Brown,#A52A2A
Dark Brown,#5C4033
Light Brown,#996600
Buff,#F0DC82
Dark Buff,#976638
Light Buff,#ECD9B0
Cyan,#00FFFF
Dark Cyan,#008B8B
Light Cyan,#E0FFFF
Gold,#FFD700
Dark Gold,#EEBC1D
Light Gold,#F1E5AC
Goldenrod,#DAA520
Dark Goldenrod,#B8860B
Light Goldenrod,#FFEC8B
Gray,#808080
Dark Gray,#404040
Light Gray,#D3D3D3
Green,#008000
Dark Green,#006400
Light Green,#90EE90
Ivory,#FFFFF0
Dark Ivory,#F2E58F
Light Ivory,#FFF8C9
Magenta,#FF00FF
Dark Magenta,#8B008B
Light Magenta,#FF77FF
Mustard,#FFDB58
Dark Mustard,#7C7C40
Light Mustard,#EEDD62
Orange,#FFA500
Dark Orange,#FF8C00
Light Orange,#D9A465
Pink,#FFC0CB
Dark Pink,#E75480
Light Pink,#FFB6C1
Red,#FF0000
Dark Red,#8B0000
Light Red,#FF3333
Silver,#C0C0C0
Dark Silver,#AFAFAF
Light Silver,#E1E1E1
Turquoise,#30D5C8
Dark Turquoise,#00CED1
Light Turquoise,#AFE4DE
Violet,#EE82EE
Dark Violet,#9400D3
Light Violet,#7A5299
White,#FFFFFF
Yellow,#FFFF00
Dark Yellow,#FFCC00
Light Yellow,#FFFFE0
